RA,dec,roll
-8.52879819090702,-7.93617421345053,24.7352971075668
