No,RA,dec,roll
4,141.647664654416,-68.2435237325239,-70.8180754791433
8,-69.2386793717539,-64.756276593289,-55.7132603956267
9,29.2880021413611,-66.7687804896036,-166.445396249487
27,160.735373465518,-46.7624048285725,-12.9214378025236
42,-118.242524238566,-36.7019852438202,-102.804106840347
52,-158.816790854592,-44.3337115944673,-110.553596060779
